{
  "_meta": {
    "duration_s": 330.16163265306125,
    "tempo": 89.1029094827589,
    "n_beats": 472,
    "n_onsets": 1092,
    "downbeat_confidence": 0.22519740787449752,
    "beats_per_measure": 4,
    "phrase_length": 8,
    "n_sections": 30,
    "n_phases": 12,
    "sections_describe": "Section table \u2014 89 BPM, 4/4, 8-count phrases, 30 sections\n=========================================================\n  downbeat offset = 2 (confidence = 0.23)\n # label            energy  time (s)        P/M            drift      dur           signals (RMS\u00d7, opb, H\u00d7, P\u00d7)\n------------------------------------------------------------------------------------------------------------------------\n 0 intro            low       0.0\u2013 14.5     P0/M0\u2192P3/M5    \u2014           14.5s/ 2.7ph RMS\u00d70.61 opb=2.7 H\u00d70.59 P\u00d70.42 BC=0.42\n 1 short_break[percussive] medium   14.5\u2013 21.4     P3/M5\u2192P4/M7    -5.7b*       6.9s/ 1.3ph RMS\u00d70.88 opb=2.1 H\u00d71.05 P\u00d70.64 BC=0.26\n 2 main             medium   21.4\u2013 26.8     P4/M7\u2192P5/M9    -2.1b*       5.4s/ 1.0ph RMS\u00d71.02 opb=2.6 H\u00d70.96 P\u00d71.10 BC=0.48\n 3 main             medium   26.8\u2013 42.8     P5/M9\u2192P8/M15   +2.2b*      16.0s/ 3.0ph RMS\u00d71.03 opb=2.5 H\u00d70.96 P\u00d71.06 BC=0.48\n 4 main             medium   42.8\u2013 53.4     P8/M15\u2192P10/M19 -2.1b*      10.7s/ 2.0ph RMS\u00d71.08 opb=2.1 H\u00d71.02 P\u00d71.12 BC=0.41\n 5 main             medium   53.4\u2013 64.1     P10/M19\u2192P12/M23 -2.1b*      10.7s/ 2.0ph RMS\u00d71.17 opb=2.1 H\u00d71.17 P\u00d71.08 BC=0.41\n 6 main             high     64.1\u2013 69.4     P12/M23\u2192P13/M25 -2.1b*       5.3s/ 1.0ph RMS\u00d71.18 opb=2.2 H\u00d71.17 P\u00d71.22 BC=0.38\n 7 main             high     69.4\u2013 80.1     P13/M25\u2192P15/M29 +2.2b*      10.7s/ 2.0ph RMS\u00d71.18 opb=2.1 H\u00d71.19 P\u00d71.19 BC=0.40\n 8 main             high     80.1\u2013 96.1     P15/M29\u2192P18/M35 +2.2b*      16.0s/ 3.0ph RMS\u00d71.21 opb=2.1 H\u00d71.21 P\u00d71.22 BC=0.47\n 9 main             high     96.1\u2013106.8     P18/M35\u2192P20/M39 -2.2b*      10.7s/ 2.0ph RMS\u00d71.22 opb=2.0 H\u00d71.18 P\u00d71.29 BC=0.36\n10 main             medium  106.8\u2013112.1     P20/M39\u2192P21/M41 -1.8b*       5.3s/ 1.0ph RMS\u00d71.05 opb=2.5 H\u00d71.06 P\u00d71.15 BC=0.47\n11 main             medium  112.1\u2013128.1     P21/M41\u2192P24/M47 +2.2b*      16.0s/ 3.0ph RMS\u00d71.06 opb=3.0 H\u00d70.99 P\u00d71.20 BC=0.43\n12 main             medium  128.1\u2013138.8     P24/M47\u2192P26/M51 -1.8b*      10.7s/ 2.0ph RMS\u00d71.06 opb=1.9 H\u00d71.01 P\u00d71.10 BC=0.39\n13 main             high    138.8\u2013149.4     P26/M51\u2192P28/M55 +0.2b*      10.7s/ 2.0ph RMS\u00d71.24 opb=1.9 H\u00d71.25 P\u00d71.16 BC=0.39\n14 main             high    149.4\u2013154.8     P28/M55\u2192P29/M57 -2.1b*       5.3s/ 1.0ph RMS\u00d71.17 opb=2.4 H\u00d71.15 P\u00d71.25 BC=0.39\n15 peak             high    154.8\u2013165.4     P29/M57\u2192P31/M61 +2.2b*      10.7s/ 2.0ph RMS\u00d71.19 opb=2.2 H\u00d71.22 P\u00d71.19 BC=0.39\n16 main             medium  165.4\u2013181.4     P31/M61\u2192P34/M67 +2.2b*      16.0s/ 3.0ph RMS\u00d71.13 opb=2.7 H\u00d71.08 P\u00d71.19 BC=0.46\n17 main             medium  181.4\u2013192.1     P34/M67\u2192P36/M71 +0.2b*      10.7s/ 2.0ph RMS\u00d71.00 opb=2.9 H\u00d70.96 P\u00d71.15 BC=0.53\n18 break[percussive] medium  192.1\u2013206.8     P36/M71\u2192P38/M75 -3.7b*      14.7s/ 2.7ph RMS\u00d70.92 opb=2.7 H\u00d71.02 P\u00d70.77 BC=0.24\n19 main             medium  206.8\u2013225.4     P38/M75\u2192P41/M81 +0.2b*      18.6s/ 3.5ph RMS\u00d71.01 opb=2.0 H\u00d71.11 P\u00d70.83 BC=0.32\n20 main             medium  225.4\u2013230.8     P41/M81\u2192P42/M83 -4.1b*       5.3s/ 1.0ph RMS\u00d71.15 opb=2.5 H\u00d71.16 P\u00d71.13 BC=0.33\n21 main             high    230.8\u2013241.4     P42/M83\u2192P44/M87 +0.2b*      10.7s/ 2.0ph RMS\u00d71.18 opb=2.2 H\u00d71.20 P\u00d71.17 BC=0.36\n22 main             medium  241.4\u2013252.1     P44/M87\u2192P46/M91 +0.3b*      10.7s/ 2.0ph RMS\u00d71.14 opb=2.2 H\u00d71.11 P\u00d71.19 BC=0.40\n23 main             medium  252.1\u2013270.1     P46/M91\u2192P49/M97 +0.2b*      18.0s/ 3.3ph RMS\u00d71.01 opb=2.2 H\u00d71.13 P\u00d70.79 BC=0.34\n24 main             medium  270.1\u2013275.4     P49/M97\u2192P50/M99 -3.1b*       5.3s/ 1.0ph RMS\u00d71.18 opb=2.1 H\u00d71.22 P\u00d71.11 BC=0.50\n25 main             medium  275.4\u2013288.7     P50/M99\u2192P52/M103 +1.2b*      13.3s/ 2.5ph RMS\u00d70.94 opb=1.9 H\u00d70.90 P\u00d70.99 BC=0.38\n26 main             medium  288.7\u2013299.4     P52/M103\u2192P54/M107 +0.9b*      10.7s/ 2.0ph RMS\u00d71.13 opb=2.0 H\u00d71.03 P\u00d71.35 BC=0.42\n27 main             low     299.4\u2013304.8     P54/M107\u2192P55/M109 -2.7b*       5.3s/ 1.0ph RMS\u00d70.80 opb=2.6 H\u00d70.69 P\u00d71.06 BC=0.57\n28 short_break[severe] low     304.8\u2013315.4     P55/M109\u2192P57/M113 +1.2b*      10.7s/ 2.0ph RMS\u00d70.44 opb=2.5 H\u00d70.40 P\u00d70.53 BC=0.42\n29 outro            low     315.4\u2013330.2     P57/M113\u2192P59/M118 -2.7b*      14.7s/ 2.7ph RMS\u00d70.11 opb=2.2 H\u00d70.11 P\u00d70.14 BC=0.47\n\n  * boundary snapped to phrase grid (drift shown is pre-snap)"
  },
  "_transitions_describe": "Transitions table \u2014 8 label boundaries\n======================================\n #  time   from              \u2192  to                from\u2192to beat   from\u2192to energy\n----------------------------------------------------------------------------------------\n 1    14.5s  intro             \u2192  short_break          clear \u2192 moderate      low \u2192 medium\n 2    21.4s  short_break       \u2192  main              moderate \u2192 clear      medium \u2192 medium\n 3   154.8s  main              \u2192  peak                 clear \u2192 clear        high \u2192 high  \n 4   165.4s  peak              \u2192  main                 clear \u2192 clear        high \u2192 medium\n 5   192.1s  main              \u2192  break                clear \u2192 moderate   medium \u2192 medium\n 6   206.8s  break             \u2192  main              moderate \u2192 clear      medium \u2192 high/low/medium\n 7   304.8s  main              \u2192  short_break          clear \u2192 clear      high/low/medium \u2192 low   \n 8   315.4s  short_break       \u2192  outro                clear \u2192 clear         low \u2192 low   ",
  "rhythm_anatomy": "Kizomba typically operates within a comfortable tempo range of 85\u2013110 BPM in a 4/4 time signature. Rather than relying on a heavy percussive grid, the rhythmic pulse is often carried by the bass line and melodic content, making the rhythm feel felt rather than heard. While a steady underlying pulse exists, you will often encounter syncopation or emphasis on off-beat elements that drive the groove. Structurally, tracks generally follow a predictable arc, moving from an intro through several main sections, potentially building toward a peak, and eventually transitioning through breaks before reaching an outro.\n\nWhen on the dance floor, you may encounter various sub-styles. Angolan kizomba often features a more traditional, grounded pulse, while urbankiz tends toward a more polished, electronic texture with higher energy. Tarraxinha focuses on a much slower, more concentrated rhythmic density. Recognizing these differences in tempo and texture can help you place a track's character as soon as the music begins.",